test,avg time
uuf50-218,0.0119
uuf75-325,0.08680000000000002
uuf100-430,0.7118
uuf125-538,6.5916000000000015
