test,avg time
uf50-218,0.0536
uf75-325,0.7038
uf100-430,14.015800000000002
uuf50-218,0.0608
uuf75-325,0.9444000000000001
uuf100-430,11.3778
