test,avg time
uf50-218,0.0752
uf75-325,1.1228000000000002
uf100-430,25.053400000000003
uuf50-218,0.0868
uuf75-325,1.5504000000000002
uuf100-430,21.022799999999997
